{"version":3,"generationInfos":[{"type":"static","generationInfo":{"generationY":{"selectionMode":"bedrock","minY":26,"maxY":26},"dimensions":"-1","relativeToSpawn":false,"positionX":247,"positionZ":247}}],"blockTransformers":[{"type":"naturalAir","transformer":{"sourceExpression":"reccomplex:negativeSpace \u0026 #1"}},{"type":"negativeSpace","transformer":{"sourceExpression":"reccomplex:negativeSpace \u0026 #0"}},{"type":"natural","transformer":{"sourceExpression":"reccomplex:naturalFloor \u0026 #0"}},{"type":"replace","transformer":{"sourceExpression":"reccomplex:naturalFloor \u0026 #1","destination":[{"block":"minecraft:air","metadata":0,"tileEntityInfo":""}]}}],"rotatable":false,"mirrorable":false,"metadata":{"authors":"","weblink":"","comment":""},"customData":{}}