{"version":3,"generationInfos":[{"type":"natural","generationInfo":{"generationCategory":"decoration","generationY":{"selectionMode":"sealevel","minY":-3,"maxY":0},"generationBiomes":[{"biomes":"Hell"}],"dimensionWeightsPreset":"nether","generationDimensions":[{"dimensions":"$HELL \u0026 $TOP_LIMIT \u0026 $BOTTOM_LIMIT"}]}}],"blockTransformers":[{"type":"naturalAir","transformer":{"sourceExpression":"reccomplex:negativeSpace \u0026 #1"}},{"type":"negativeSpace","transformer":{"sourceExpression":"reccomplex:negativeSpace \u0026 #0"}},{"type":"natural","transformer":{"sourceExpression":"reccomplex:naturalFloor \u0026 #0"}},{"type":"replace","transformer":{"sourceExpression":"reccomplex:naturalFloor \u0026 #1","destination":[{"block":"minecraft:air","metadata":0,"tileEntityInfo":""}]}}],"rotatable":true,"mirrorable":true,"metadata":{"authors":"","weblink":"","comment":""},"customData":{}}